Id, First name, Last name, Email
1,JOHN,DOE,JOHN.DOE@EXAMPLE.COM
2,JANE,SMITH,JANE.SMITH@EXAMPLE.COM
3,MICHAEL,JOHNSON,MICHAEL.JOHNSON@EXAMPLE.COM
4,EMILY,WILLIAMS,EMILY.WILLIAMS@EXAMPLE.COM
5,DANIEL,BROWN,DANIEL.BROWN@EXAMPLE.COM
6,OLIVIA,TAYLOR,OLIVIA.TAYLOR@EXAMPLE.COM
7,MATTHEW,ANDERSON,MATTHEW.ANDERSON@EXAMPLE.COM
8,SOPHIA,THOMAS,SOPHIA.THOMAS@EXAMPLE.COM
9,DAVID,JACKSON,DAVID.JACKSON@EXAMPLE.COM
10,EMMA,WHITE,EMMA.WHITE@EXAMPLE.COM
11,CHRISTOPHER,HARRIS,CHRISTOPHER.HARRIS@EXAMPLE.COM
12,AVA,MARTIN,AVA.MARTIN@EXAMPLE.COM
13,ANDREW,CLARK,ANDREW.CLARK@EXAMPLE.COM
14,MIA,LEWIS,MIA.LEWIS@EXAMPLE.COM
15,JOSHUA,LEE,JOSHUA.LEE@EXAMPLE.COM
16,SOPHIE,WALKER,SOPHIE.WALKER@EXAMPLE.COM
17,WILLIAM,HALL,WILLIAM.HALL@EXAMPLE.COM
18,ABIGAIL,ALLEN,ABIGAIL.ALLEN@EXAMPLE.COM
19,JAMES,YOUNG,JAMES.YOUNG@EXAMPLE.COM
20,ELIZABETH,KING,ELIZABETH.KING@EXAMPLE.COM
21,BENJAMIN,WRIGHT,BENJAMIN.WRIGHT@EXAMPLE.COM
22,GRACE,LOPEZ,GRACE.LOPEZ@EXAMPLE.COM
23,JOSEPH,ADAMS,JOSEPH.ADAMS@EXAMPLE.COM
24,CHLOE,GREEN,CHLOE.GREEN@EXAMPLE.COM
25,DANIEL,BAKER,DANIEL.BAKER@EXAMPLE.COM
26,ELLA,HILL,ELLA.HILL@EXAMPLE.COM
27,ALEXANDER,TURNER,ALEXANDER.TURNER@EXAMPLE.COM
28,LILY,CAMPBELL,LILY.CAMPBELL@EXAMPLE.COM
29,MATTHEW,MITCHELL,MATTHEW.MITCHELL@EXAMPLE.COM
30,GRACE,WARD,GRACE.WARD@EXAMPLE.COM
31,CHRISTOPHER,MORRIS,CHRISTOPHER.MORRIS@EXAMPLE.COM
32,MADISON,PARKER,MADISON.PARKER@EXAMPLE.COM
33,ANDREW,COLLINS,ANDREW.COLLINS@EXAMPLE.COM
34,SCARLETT,EDWARDS,SCARLETT.EDWARDS@EXAMPLE.COM
35,JOSHUA,STEWART,JOSHUA.STEWART@EXAMPLE.COM
36,HANNAH,COOK,HANNAH.COOK@EXAMPLE.COM
37,ANTHONY,MORGAN,ANTHONY.MORGAN@EXAMPLE.COM
38,ADDISON,PHILLIPS,ADDISON.PHILLIPS@EXAMPLE.COM
39,EMILY,ROSS,EMILY.ROSS@EXAMPLE.COM
40,ETHAN,TURNER,ETHAN.TURNER@EXAMPLE.COM
41,AVERY,CARTER,AVERY.CARTER@EXAMPLE.COM
42,MIA,COLLINS,MIA.COLLINS@EXAMPLE.COM
43,BENJAMIN,BAILEY,BENJAMIN.BAILEY@EXAMPLE.COM
44,AVA,RICHARDSON,AVA.RICHARDSON@EXAMPLE.COM
45,SAMUEL,PEREZ,SAMUEL.PEREZ@EXAMPLE.COM
46,CHARLOTTE,BARNES,CHARLOTTE.BARNES@EXAMPLE.COM
47,RYAN,HERNANDEZ,RYAN.HERNANDEZ@EXAMPLE.COM
48,AMELIA,HILL,AMELIA.HILL@EXAMPLE.COM
49,NATHAN,GONZALEZ,NATHAN.GONZALEZ@EXAMPLE.COM
50,SOFIA,NELSON,SOFIA.NELSON@EXAMPLE.COM
Created @Sat Jun 17 14:39:26 CEST 2023